order_idx,approach,n_items,box_sku,void_volume_pct,constraint_violations,requires_split,items_packed,separate_box_items,time_ms
0,FFD,7,BOX-XXL,71.15,0,False,7,0,0.804
1,FFD,5,BOX-XXL,85.53,0,False,5,0,0.672
2,FFD,7,BOX-F3,68.69,0,False,5,2,0.568
3,FFD,3,BOX-M,95.93,0,False,1,2,0.226
4,FFD,3,BOX-S,87.24,0,False,1,2,0.135
5,FFD,8,BOX-XXL,80.25,0,True,7,0,2.605
6,FFD,3,BOX-XXL,95.37,0,True,1,1,0.459
7,FFD,5,BOX-XXL,100.0,0,True,0,1,0.522
8,FFD,8,BOX-XXL,98.58,0,True,2,3,1.259
9,FFD,6,BOX-XXL,97.54,0,True,1,3,0.336
10,FFD,8,BOX-XXL,77.32,0,True,6,0,1.643
11,FFD,4,BOX-XXL,83.74,0,True,3,0,0.304
12,FFD,6,BOX-XXL,78.59,0,False,6,0,0.404
13,FFD,4,BOX-XXL,96.46,0,True,1,1,0.682
14,FFD,1,BOX-XL,75.26,0,False,1,0,0.169
15,FFD,7,BOX-XXL,88.19,0,True,6,0,2.409
16,FFD,4,BOX-XL,61.43,0,False,3,1,0.417
17,FFD,8,BOX-XXL,81.5,0,True,6,1,1.188
18,FFD,6,BOX-XXL,81.33,0,True,5,0,0.89
19,FFD,6,BOX-L,50.34,0,False,4,2,0.343
20,FFD,7,BOX-XXL,80.76,0,False,7,0,2.503
21,FFD,8,BOX-XXL,79.21,0,True,5,2,1.601
22,FFD,5,BOX-XXL,93.15,0,True,1,1,0.509
23,FFD,7,BOX-XXL,67.68,0,False,6,1,0.688
24,FFD,1,BOX-M,85.01,0,False,1,0,0.11
25,FFD,2,BOX-XL,75.25,0,False,2,0,0.135
26,FFD,1,BOX-S,69.75,0,False,1,0,0.085
27,FFD,2,BOX-F3,80.08,0,False,2,0,0.112
28,FFD,2,BOX-L,43.31,0,False,2,0,0.097
29,FFD,2,BOX-F3,62.19,0,False,2,0,0.11
30,FFD,7,BOX-XL,74.12,0,False,5,2,0.521
31,FFD,5,BOX-F1,64.4,0,False,1,4,0.184
32,FFD,7,BOX-XXL,83.65,0,True,5,0,1.004
33,FFD,1,BOX-XXL,87.95,0,False,1,0,0.104
34,FFD,2,BOX-F3,67.13,0,False,2,0,0.11
35,FFD,4,BOX-F3,75.59,0,False,2,2,1.193
36,FFD,6,BOX-XXL,84.75,0,True,3,1,1.467
37,FFD,6,BOX-XXL,79.49,0,False,5,1,0.623
38,FFD,4,BOX-XL,58.1,0,False,4,0,0.248
39,FFD,5,BOX-M,73.98,0,False,3,2,0.281
40,FFD,2,BOX-F2,75.81,0,False,2,0,0.126
41,FFD,4,BOX-XXL,84.1,0,False,3,1,0.65
42,FFD,2,BOX-F2,28.42,0,False,2,0,0.149
43,FFD,4,BOX-XXL,95.29,0,True,1,1,0.695
44,FFD,8,BOX-XXL,73.0,0,False,8,0,0.911
45,FFD,8,BOX-XXL,85.04,0,True,7,0,3.109
46,FFD,7,BOX-XXL,90.94,0,True,5,0,2.198
47,FFD,1,BOX-XL,90.2,0,False,1,0,0.125
48,FFD,8,BOX-XXL,92.09,0,True,7,0,0.659
49,FFD,8,BOX-XXL,78.06,0,True,7,0,1.284
50,FFD,2,BOX-XXL,92.72,0,True,1,0,0.427
51,FFD,5,BOX-XL,68.93,0,False,3,2,0.72
52,FFD,2,BOX-F3,67.42,0,False,2,0,0.211
53,FFD,4,BOX-XXL,95.71,0,True,2,1,0.701
54,FFD,4,BOX-XL,67.63,0,False,3,1,0.472
55,FFD,7,BOX-XXL,77.01,0,True,5,0,1.163
56,FFD,1,BOX-L,43.14,0,False,1,0,0.174
57,FFD,7,BOX-XXL,83.82,0,False,5,2,1.25
58,FFD,8,BOX-XXL,78.43,0,True,6,1,1.91
59,FFD,4,BOX-XL,67.72,0,False,3,1,0.496
60,FFD,8,BOX-XXL,72.33,0,False,8,0,0.821
61,FFD,3,BOX-F3,73.52,0,False,3,0,0.246
62,FFD,1,BOX-M,93.36,0,False,1,0,0.136
63,FFD,3,BOX-XXL,80.08,0,True,2,0,0.453
64,FFD,1,BOX-F3,82.2,0,False,1,0,0.135
65,FFD,5,BOX-XXL,86.68,0,True,3,1,0.598
66,FFD,7,BOX-XXL,98.2,0,True,2,2,0.672
67,FFD,1,BOX-XS,76.25,0,False,1,0,0.071
68,FFD,7,BOX-XXL,80.82,0,False,7,0,0.898
69,FFD,8,BOX-XXL,87.69,0,False,8,0,1.52
70,FFD,2,BOX-F3,73.07,0,False,2,0,0.086
71,FFD,8,BOX-XXL,68.25,0,True,6,1,0.624
72,FFD,6,BOX-XL,54.87,0,False,6,0,0.369
73,FFD,5,BOX-XXL,80.4,0,False,5,0,0.26
74,FFD,4,BOX-XXL,100.0,0,True,0,1,0.205
75,FFD,6,BOX-XXL,81.62,0,True,4,1,0.607
76,FFD,3,BOX-F3,66.67,0,False,3,0,0.119
77,FFD,3,BOX-XXL,97.25,0,True,1,0,0.158
78,FFD,6,BOX-XXL,94.85,0,True,3,1,0.556
79,FFD,1,BOX-XS,89.56,0,False,1,0,0.051
80,FFD,2,BOX-M,63.24,0,False,2,0,0.059
81,FFD,7,BOX-XXL,90.52,0,True,2,1,0.312
82,FFD,3,BOX-XL,71.13,0,False,3,0,0.07
83,FFD,7,BOX-XXL,74.75,0,False,7,0,0.288
84,FFD,2,BOX-XL,74.3,0,False,2,0,0.052
85,FFD,5,BOX-XL,83.45,0,False,4,1,0.177
86,FFD,7,BOX-L,66.26,0,False,6,1,0.206
87,FFD,8,BOX-XXL,68.41,0,True,7,0,0.477
88,FFD,6,BOX-XXL,77.88,0,True,4,0,0.36
89,FFD,7,BOX-XXL,63.61,0,False,5,2,0.227
90,FFD,5,BOX-F3,69.18,0,False,4,1,0.183
91,FFD,3,BOX-L,68.78,0,False,2,1,0.073
92,FFD,5,BOX-XXL,84.27,0,False,5,0,0.28
93,FFD,7,BOX-XXL,87.77,0,True,3,3,0.484
94,FFD,3,BOX-XXL,80.21,0,False,3,0,0.099
95,FFD,2,BOX-S,50.01,0,False,1,1,0.042
96,FFD,6,BOX-XXL,90.14,0,True,4,1,0.592
97,FFD,5,BOX-F3,66.09,0,False,4,1,0.159
98,FFD,4,BOX-XXL,86.28,0,False,4,0,0.164
99,FFD,4,BOX-F3,73.56,0,False,4,0,0.082
100,FFD,4,BOX-XXL,90.51,0,True,2,1,0.269
101,FFD,6,BOX-XXL,80.93,0,False,3,3,0.443
102,FFD,8,BOX-XXL,69.81,0,True,7,0,0.751
103,FFD,7,BOX-XXL,78.42,0,True,6,0,0.719
104,FFD,1,BOX-S,86.83,0,False,1,0,0.066
105,FFD,6,BOX-XXL,79.44,0,False,4,2,0.208
106,FFD,1,BOX-XS,86.16,0,False,1,0,6.127
107,FFD,6,BOX-XXL,100.0,0,True,0,4,0.65
108,FFD,4,BOX-XXL,78.69,0,False,4,0,0.37
109,FFD,3,BOX-XXL,100.0,0,True,0,1,0.242
110,FFD,8,BOX-XXL,83.63,0,True,6,0,0.635
111,FFD,1,BOX-F3,89.82,0,False,1,0,0.056
112,FFD,1,BOX-XS,37.72,0,False,1,0,0.041
113,FFD,2,BOX-S,78.01,0,False,1,1,0.054
114,FFD,7,BOX-XXL,84.35,0,True,6,0,0.583
115,FFD,6,BOX-XXL,81.81,0,False,5,1,0.473
116,FFD,8,BOX-XL,66.56,0,False,6,2,0.315
117,FFD,4,BOX-L,73.56,0,False,3,1,0.098
118,FFD,6,BOX-XXL,86.25,0,True,4,1,0.369
119,FFD,2,BOX-XL,86.85,0,False,2,0,0.063
120,FFD,4,BOX-XXL,81.34,0,False,4,0,0.233
121,FFD,7,BOX-XXL,88.19,0,False,7,0,0.758
122,FFD,1,BOX-S,94.8,0,False,1,0,0.05
123,FFD,1,BOX-S,74.48,0,False,1,0,0.037
124,FFD,3,BOX-XXL,92.34,0,True,2,0,0.131
125,FFD,2,BOX-F3,70.3,0,False,2,0,0.047
126,FFD,5,BOX-XXL,93.85,0,True,3,0,0.7
127,FFD,1,BOX-L,88.33,0,False,1,0,0.15
128,FFD,3,BOX-XXL,86.47,0,True,2,0,0.322
129,FFD,2,BOX-XXL,97.6,0,True,1,0,0.227
130,FFD,4,BOX-L,59.58,0,False,4,0,0.242
131,FFD,8,BOX-XXL,75.83,0,False,7,1,0.879
132,FFD,4,BOX-XL,64.23,0,False,4,0,0.162
133,FFD,3,BOX-L,59.84,0,False,3,0,0.16
134,FFD,7,BOX-XXL,89.73,0,False,7,0,0.679
135,FFD,8,BOX-XXL,81.96,0,True,7,0,1.525
136,FFD,2,BOX-F3,65.95,0,False,2,0,0.151
137,FFD,6,BOX-XXL,75.11,0,False,6,0,0.211
138,FFD,7,BOX-XXL,86.54,0,False,6,1,0.373
139,FFD,8,BOX-XXL,63.74,0,True,6,1,0.308
140,FFD,1,BOX-XL,92.13,0,False,1,0,0.053
141,FFD,3,BOX-L,63.94,0,False,2,1,0.069
142,FFD,5,BOX-XXL,93.48,0,True,3,1,0.222
143,FFD,4,BOX-XXL,82.2,0,True,3,0,0.235
144,FFD,3,BOX-F3,52.89,0,False,3,0,0.077
145,FFD,2,BOX-XXL,91.79,0,True,1,0,0.089
146,FFD,7,BOX-XL,73.31,0,False,4,3,0.594
147,FFD,8,BOX-XXL,73.73,0,True,6,1,0.642
148,FFD,4,BOX-XL,51.93,0,False,4,0,0.184
149,FFD,1,BOX-XS,100.0,0,False,0,1,0.085
150,FFD,8,BOX-XXL,80.07,0,True,6,0,1.022
151,FFD,2,BOX-XXL,96.05,0,True,1,0,0.124
152,FFD,1,BOX-XS,57.75,0,False,1,0,0.041
153,FFD,4,BOX-XXL,100.0,0,True,0,2,0.14
154,FFD,1,BOX-F2,39.15,0,False,1,0,0.039
155,FFD,7,BOX-XXL,83.66,0,True,6,0,0.582
156,FFD,2,BOX-F3,60.71,0,False,2,0,0.061
157,FFD,7,BOX-XXL,85.18,0,True,5,1,0.449
158,FFD,8,BOX-XXL,66.48,0,True,6,0,0.458
159,FFD,8,BOX-XXL,83.77,0,True,7,0,0.972
160,FFD,4,BOX-L,75.01,0,False,3,1,0.123
161,FFD,1,BOX-S,82.8,0,False,1,0,0.041
162,FFD,5,BOX-XXL,81.26,0,True,4,0,0.21
163,FFD,3,BOX-F3,67.75,0,False,2,1,0.066
164,FFD,1,BOX-F1,70.31,0,False,1,0,0.035
165,FFD,3,BOX-XL,77.93,0,False,2,1,0.094
166,FFD,8,BOX-XXL,89.55,0,True,7,0,0.963
167,FFD,3,BOX-S,86.59,0,False,2,1,0.072
168,FFD,8,BOX-XXL,88.78,0,True,7,0,1.507
169,FFD,8,BOX-XXL,79.0,0,True,5,0,1.014
170,FFD,3,BOX-M,81.05,0,False,2,1,0.095
171,FFD,4,BOX-XL,85.42,0,False,2,2,0.101
172,FFD,4,BOX-XXL,93.37,0,True,2,1,0.278
173,FFD,8,BOX-XL,63.46,0,False,5,3,0.251
174,FFD,1,BOX-F3,85.56,0,False,1,0,0.045
175,FFD,1,BOX-XS,93.66,0,False,1,0,0.046
176,FFD,8,BOX-XXL,81.5,0,True,5,0,0.318
177,FFD,2,BOX-F2,47.07,0,False,1,1,0.041
178,FFD,6,BOX-XXL,76.54,0,True,2,2,0.197
179,FFD,5,BOX-XXL,89.35,0,True,1,2,0.164
180,FFD,1,BOX-F1,55.75,0,False,1,0,0.04
181,FFD,1,BOX-L,48.23,0,False,1,0,0.036
182,FFD,8,BOX-XXL,84.16,0,True,4,2,0.331
183,FFD,8,BOX-XXL,83.31,0,True,2,3,0.431
184,FFD,8,BOX-XXL,76.7,0,False,7,1,0.392
185,FFD,3,BOX-XXL,98.01,0,True,1,1,0.155
186,FFD,8,BOX-XXL,65.47,0,False,7,1,0.328
187,FFD,8,BOX-XXL,81.28,0,True,6,1,0.642
188,FFD,3,BOX-XXL,86.11,0,True,2,0,0.121
189,FFD,6,BOX-XL,66.91,0,False,6,0,0.198
190,FFD,6,BOX-XXL,78.22,0,True,5,0,0.643
191,FFD,6,BOX-XXL,75.45,0,False,4,2,0.52
192,FFD,6,BOX-XXL,79.61,0,False,6,0,0.734
193,FFD,3,BOX-F3,63.84,0,False,2,1,0.123
194,FFD,8,BOX-XXL,84.26,0,False,4,4,0.358
195,FFD,3,BOX-F3,77.01,0,False,3,0,0.078
196,FFD,5,BOX-XXL,75.93,0,True,4,0,0.264
197,FFD,1,BOX-S,100.0,0,False,0,1,0.044
198,FFD,8,BOX-XXL,91.66,0,True,6,1,0.746
199,FFD,5,BOX-XXL,80.35,0,True,3,1,0.292
200,FFD,5,BOX-XL,68.26,0,False,5,0,0.134
201,FFD,3,BOX-M,52.6,0,False,3,0,0.077
202,FFD,3,BOX-XXL,99.82,0,True,1,1,0.121
203,FFD,4,BOX-XXL,91.36,0,True,3,0,0.211
204,FFD,5,BOX-XXL,87.24,0,True,4,0,0.26
205,FFD,5,BOX-XXL,86.8,0,True,4,0,0.242
206,FFD,3,BOX-XL,75.24,0,False,3,0,0.092
207,FFD,1,BOX-XS,55.77,0,False,1,0,0.036
208,FFD,8,BOX-XXL,76.43,0,False,7,1,0.43
209,FFD,1,BOX-F1,28.38,0,False,1,0,0.043
210,FFD,5,BOX-F3,45.63,0,False,3,2,0.1
211,FFD,1,BOX-F1,68.92,0,False,1,0,0.041
212,FFD,5,BOX-XXL,82.0,0,False,4,1,0.194
213,FFD,1,BOX-F3,84.96,0,False,1,0,0.04
214,FFD,8,BOX-XXL,87.46,0,True,7,0,0.751
215,FFD,1,BOX-F1,78.37,0,False,1,0,0.043
216,FFD,7,BOX-XXL,63.24,0,True,6,0,0.389
217,FFD,2,BOX-M,50.71,0,False,2,0,0.048
218,FFD,8,BOX-XXL,71.61,0,True,7,0,0.688
219,FFD,7,BOX-XL,75.05,0,False,5,2,0.449
220,FFD,7,BOX-XL,73.4,0,False,5,2,0.393
221,FFD,7,BOX-XXL,90.32,0,True,5,0,0.485
222,FFD,2,BOX-F3,66.04,0,False,2,0,0.058
223,FFD,2,BOX-F3,66.38,0,False,2,0,0.056
224,FFD,8,BOX-XXL,51.05,0,True,6,1,0.32
225,FFD,8,BOX-XXL,80.68,0,True,7,0,0.826
226,FFD,2,BOX-XXL,89.27,0,True,1,0,0.099
227,FFD,2,BOX-S,48.41,0,False,1,1,0.043
228,FFD,1,BOX-XS,100.0,0,False,0,1,0.036
229,FFD,5,BOX-XL,71.4,0,False,4,1,0.136
230,FFD,2,BOX-M,74.85,0,False,2,0,0.082
231,FFD,4,BOX-L,70.41,0,False,4,0,0.114
232,FFD,4,BOX-XL,66.72,0,False,4,0,0.133
233,FFD,8,BOX-XXL,77.39,0,True,5,0,0.793
234,FFD,6,BOX-XXL,77.0,0,False,5,1,0.41
235,FFD,6,BOX-XXL,87.12,0,True,5,0,0.447
236,FFD,3,BOX-XXL,93.27,0,True,1,1,0.142
237,FFD,7,BOX-XXL,82.73,0,False,7,0,0.435
238,FFD,2,BOX-XXL,96.89,0,True,1,0,0.1
239,FFD,8,BOX-XXL,66.96,0,False,8,0,0.319
240,FFD,7,BOX-XXL,91.63,0,True,2,0,0.212
241,FFD,3,BOX-XXL,98.52,0,True,1,0,0.131
242,FFD,2,BOX-L,67.99,0,False,2,0,0.068
243,FFD,6,BOX-XXL,85.54,0,True,4,0,0.376
244,FFD,6,BOX-XL,77.9,0,False,6,0,0.392
245,FFD,2,BOX-S,59.28,0,False,1,1,0.206
246,FFD,1,BOX-F3,83.58,0,False,1,0,0.143
247,FFD,6,BOX-XL,76.36,0,False,6,0,0.501
248,FFD,6,BOX-XXL,86.54,0,True,5,0,0.754
249,FFD,4,BOX-XL,71.76,0,False,4,0,0.266
250,FFD,1,BOX-XS,100.0,0,False,0,1,0.081
251,FFD,5,BOX-M,50.17,0,False,3,2,0.151
252,FFD,4,BOX-F2,71.93,0,False,2,2,0.11
253,FFD,4,BOX-L,56.48,0,False,3,1,0.179
254,FFD,5,BOX-XXL,96.84,0,True,3,1,0.662
255,FFD,4,BOX-XXL,83.66,0,False,4,0,0.257
256,FFD,7,BOX-XXL,65.31,0,False,7,0,0.275
257,FFD,7,BOX-L,61.68,0,False,6,1,0.401
258,FFD,4,BOX-XXL,87.35,0,False,4,0,0.259
259,FFD,2,BOX-F3,87.42,0,False,1,1,0.086
260,FFD,2,BOX-L,36.93,0,False,2,0,0.063
261,FFD,3,BOX-XL,64.88,0,False,3,0,0.087
262,FFD,8,BOX-XXL,83.85,0,True,5,2,0.66
263,FFD,3,BOX-XL,76.57,0,False,3,0,0.116
264,FFD,2,BOX-XL,86.93,0,False,2,0,0.084
265,FFD,5,BOX-XL,70.19,0,False,4,1,0.161
266,FFD,5,BOX-XXL,86.64,0,False,5,0,0.289
267,FFD,7,BOX-XXL,66.85,0,False,7,0,0.458
268,FFD,1,BOX-M,38.52,0,False,1,0,0.067
269,FFD,1,BOX-S,85.46,0,False,1,0,0.061
270,FFD,2,BOX-XXL,97.04,0,True,1,0,0.182
271,FFD,7,BOX-XXL,89.12,0,True,5,0,0.758
272,FFD,6,BOX-XXL,87.81,0,True,3,2,0.773
273,FFD,8,BOX-XXL,76.4,0,True,6,1,0.793
274,FFD,8,BOX-XXL,91.87,0,True,3,2,0.892
275,FFD,5,BOX-XXL,86.58,0,False,5,0,0.368
276,FFD,5,BOX-XXL,90.8,0,False,5,0,0.513
277,FFD,8,BOX-XL,60.86,0,False,7,1,0.375
278,FFD,5,BOX-XL,60.49,0,False,3,2,0.169
279,FFD,3,BOX-XXL,93.74,0,False,3,0,0.161
280,FFD,2,BOX-XXL,100.0,0,True,0,0,0.109
281,FFD,3,BOX-XXL,91.97,0,True,2,0,0.121
282,FFD,6,BOX-XXL,79.06,0,True,5,0,0.55
283,FFD,5,BOX-XXL,94.86,0,False,4,1,0.33
284,FFD,4,BOX-XL,73.78,0,False,4,0,0.153
285,FFD,7,BOX-XXL,97.63,0,True,2,2,0.844
286,FFD,6,BOX-XXL,93.62,0,True,3,1,0.475
287,FFD,6,BOX-XXL,79.03,0,False,5,1,0.433
288,FFD,5,BOX-XL,74.35,0,False,4,1,0.218
289,FFD,8,BOX-XXL,71.38,0,True,7,0,0.913
290,FFD,5,BOX-F2,78.78,0,False,2,3,0.13
291,FFD,4,BOX-L,68.17,0,False,4,0,0.225
292,FFD,6,BOX-XXL,75.93,0,False,6,0,0.467
293,FFD,5,BOX-XXL,83.45,0,True,4,0,0.344
294,FFD,2,BOX-S,84.66,0,False,1,1,0.06
295,FFD,6,BOX-XL,77.39,0,False,4,2,0.315
296,FFD,4,BOX-XXL,82.68,0,False,4,0,0.158
297,FFD,4,BOX-L,80.93,0,False,3,1,0.144
298,FFD,2,BOX-F3,53.88,0,False,2,0,0.068
299,FFD,3,BOX-XXL,99.56,0,True,1,1,0.225
300,FFD,1,BOX-M,34.22,0,False,1,0,0.053
301,FFD,5,BOX-XL,57.04,0,False,5,0,0.156
302,FFD,4,BOX-L,88.28,0,False,4,0,0.204
303,FFD,8,BOX-XXL,86.0,0,True,6,1,1.258
304,FFD,7,BOX-XXL,95.6,0,True,2,3,1.073
305,FFD,1,BOX-F3,37.55,0,False,1,0,0.124
306,FFD,8,BOX-XXL,69.8,0,True,7,0,1.099
307,FFD,3,BOX-XXL,95.51,0,True,2,0,0.223
308,FFD,8,BOX-XXL,86.36,0,True,5,2,0.911
309,FFD,2,BOX-XXL,93.79,0,True,1,0,0.232
310,FFD,4,BOX-XXL,97.21,0,True,1,1,0.375
311,FFD,1,BOX-F3,96.77,0,False,1,0,0.098
312,FFD,3,BOX-F2,76.65,0,False,2,1,0.328
313,FFD,5,BOX-XXL,75.43,0,False,4,1,0.465
314,FFD,1,BOX-S,61.19,0,False,1,0,0.093
315,FFD,3,BOX-F2,62.42,0,False,2,1,0.11
316,FFD,5,BOX-XXL,90.31,0,False,5,0,0.499
317,FFD,7,BOX-XXL,80.0,0,True,6,0,0.815
318,FFD,2,BOX-F3,65.92,0,False,2,0,0.108
319,FFD,3,BOX-XL,83.38,0,False,2,1,0.159
320,FFD,1,BOX-XL,82.3,0,False,1,0,0.078
321,FFD,8,BOX-XXL,87.96,0,True,7,0,1.398
322,FFD,2,BOX-XXL,98.5,0,True,1,0,0.277
323,FFD,2,BOX-XXL,95.36,0,True,1,0,0.22
324,FFD,2,BOX-S,65.72,0,False,2,0,0.145
325,FFD,1,BOX-S,64.37,0,False,1,0,0.113
326,FFD,4,BOX-XXL,83.58,0,False,3,1,0.248
327,FFD,5,BOX-XXL,79.62,0,False,4,1,0.519
328,FFD,5,BOX-XXL,93.13,0,True,3,0,0.351
329,FFD,5,BOX-XL,75.29,0,False,4,1,0.125
330,FFD,4,BOX-XXL,90.69,0,True,2,1,0.146
331,FFD,5,BOX-XXL,79.31,0,False,5,0,0.188
332,FFD,1,BOX-S,48.41,0,False,1,0,0.044
333,FFD,5,BOX-XL,64.49,0,False,4,1,0.256
334,FFD,8,BOX-XXL,83.89,0,True,5,0,0.661
335,FFD,3,BOX-XXL,94.62,0,True,2,0,0.132
336,FFD,8,BOX-XL,66.3,0,False,7,1,0.321
337,FFD,2,BOX-XL,70.26,0,False,2,0,0.052
338,FFD,7,BOX-XXL,65.98,0,True,6,0,0.327
339,FFD,8,BOX-XXL,77.24,0,False,8,0,0.508
340,FFD,6,BOX-XXL,82.56,0,True,5,0,0.305
341,FFD,5,BOX-XXL,84.46,0,True,2,0,0.248
342,FFD,1,BOX-M,75.91,0,False,1,0,0.043
343,FFD,5,BOX-XXL,92.95,0,True,3,1,0.209
344,FFD,1,BOX-S,87.96,0,False,1,0,0.039
345,FFD,1,BOX-F3,80.18,0,False,1,0,0.039
346,FFD,1,BOX-S,74.23,0,False,1,0,0.035
347,FFD,4,BOX-XXL,92.0,0,True,2,1,0.316
348,FFD,1,BOX-XS,92.83,0,False,1,0,0.198
349,FFD,5,BOX-XXL,97.14,0,True,2,1,0.49
350,FFD,3,BOX-S,68.95,0,False,1,2,0.14
351,FFD,4,BOX-F3,65.89,0,False,4,0,0.223
352,FFD,5,BOX-XL,63.03,0,False,5,0,0.258
353,FFD,3,BOX-XXL,99.39,0,True,1,1,0.564
354,FFD,1,BOX-F2,78.24,0,False,1,0,0.199
355,FFD,4,BOX-XXL,94.88,0,True,3,0,0.939
356,FFD,7,BOX-XXL,81.47,0,False,6,1,0.56
357,FFD,4,BOX-XXL,95.05,0,True,1,1,0.214
358,FFD,2,BOX-M,74.62,0,False,1,1,0.069
359,FFD,8,BOX-XL,58.03,0,False,7,1,0.19
360,FFD,5,BOX-XXL,84.88,0,True,4,0,0.365
361,FFD,4,BOX-XXL,97.29,0,True,2,0,0.176
362,FFD,5,BOX-XXL,91.47,0,True,4,0,0.27
363,FFD,8,BOX-XXL,82.61,0,True,5,2,0.598
364,FFD,7,BOX-F3,54.96,0,False,7,0,0.287
365,FFD,5,BOX-XXL,92.62,0,True,2,1,0.226
366,FFD,2,BOX-XXL,95.2,0,True,1,0,0.094
367,FFD,6,BOX-XXL,84.73,0,True,3,2,0.257
368,FFD,3,BOX-XXL,86.77,0,True,2,0,0.149
369,FFD,5,BOX-F3,58.69,0,False,3,2,0.127
370,FFD,2,BOX-XXL,100.0,0,True,0,0,0.094
371,FFD,1,BOX-F2,73.76,0,False,1,0,0.042
372,FFD,2,BOX-M,56.91,0,False,1,1,0.061
373,FFD,5,BOX-XL,69.96,0,False,4,1,0.364
374,FFD,7,BOX-XXL,83.21,0,False,7,0,0.606
375,FFD,5,BOX-F3,44.2,0,False,3,2,0.093
376,FFD,2,BOX-F3,68.46,0,False,2,0,0.058
377,FFD,2,BOX-S,77.65,0,False,1,1,0.058
378,FFD,2,BOX-L,80.22,0,False,2,0,0.067
379,FFD,5,BOX-XXL,92.88,0,True,4,0,0.275
380,FFD,3,BOX-M,73.44,0,False,2,1,0.053
381,FFD,8,BOX-XXL,86.16,0,True,7,0,1.112
382,FFD,1,BOX-XS,100.0,0,False,0,1,0.043
383,FFD,4,BOX-XL,76.63,0,False,3,1,0.1
384,FFD,7,BOX-XXL,88.69,0,False,5,2,0.371
385,FFD,1,BOX-M,34.22,0,False,1,0,0.038
386,FFD,4,BOX-F3,49.07,0,False,3,1,0.081
387,FFD,4,BOX-XXL,94.69,0,True,2,1,0.332
388,FFD,3,BOX-F2,46.88,0,False,2,1,0.06
389,FFD,4,BOX-XXL,88.62,0,True,2,1,0.134
390,FFD,3,BOX-XXL,91.61,0,True,1,0,0.127
391,FFD,2,BOX-F3,72.67,0,False,1,1,0.049
392,FFD,7,BOX-XXL,71.52,0,False,6,1,5.273
393,FFD,3,BOX-XXL,87.4,0,True,1,0,0.249
394,FFD,5,BOX-XXL,96.65,0,True,2,0,0.271
395,FFD,4,BOX-XL,76.2,0,False,3,1,0.106
396,FFD,2,BOX-XL,77.8,0,False,2,0,0.056
397,FFD,4,BOX-XXL,96.35,0,True,1,1,0.16
398,FFD,5,BOX-XXL,80.71,0,False,5,0,0.311
399,FFD,1,BOX-F2,52.29,0,False,1,0,0.064
400,FFD,1,BOX-F2,59.41,0,False,1,0,0.043
401,FFD,5,BOX-XXL,86.27,0,True,3,1,0.345
402,FFD,6,BOX-XL,82.15,0,False,5,1,0.3
403,FFD,7,BOX-XL,70.07,0,False,6,1,0.262
404,FFD,1,BOX-M,84.52,0,False,1,0,0.046
405,FFD,8,BOX-XXL,86.76,0,True,6,1,0.735
406,FFD,6,BOX-XXL,81.81,0,False,5,1,0.304
407,FFD,4,BOX-XXL,90.72,0,False,4,0,0.199
408,FFD,5,BOX-XXL,96.38,0,True,2,1,0.343
409,FFD,6,BOX-XXL,74.12,0,True,4,1,0.369
410,FFD,3,BOX-XL,74.72,0,False,3,0,0.096
411,FFD,5,BOX-XXL,94.46,0,True,2,1,0.479
412,FFD,3,BOX-XXL,93.89,0,False,3,0,0.16
413,FFD,1,BOX-XS,100.0,0,False,0,1,0.04
414,FFD,1,BOX-F3,48.7,0,False,1,0,0.041
415,FFD,6,BOX-XXL,83.66,0,True,5,0,0.495
416,FFD,1,BOX-M,79.46,0,False,1,0,0.065
417,FFD,8,BOX-XXL,75.87,0,True,5,0,0.457
418,FFD,1,BOX-F3,79.7,0,False,1,0,0.043
419,FFD,4,BOX-XL,65.37,0,False,3,1,0.092
420,FFD,8,BOX-XXL,73.69,0,False,6,2,0.298
421,FFD,8,BOX-XXL,93.04,0,True,3,1,0.424
422,FFD,4,BOX-XXL,92.83,0,False,4,0,0.213
423,FFD,4,BOX-XXL,96.25,0,True,2,0,0.179
424,FFD,2,BOX-XL,85.61,0,False,2,0,0.055
425,FFD,4,BOX-XL,64.15,0,False,4,0,0.077
426,FFD,8,BOX-XXL,83.13,0,True,5,1,0.508
427,FFD,4,BOX-XXL,86.94,0,False,3,1,0.114
428,FFD,4,BOX-XXL,90.31,0,False,4,0,0.198
429,FFD,5,BOX-XXL,89.06,0,False,5,0,0.219
430,FFD,8,BOX-XXL,69.42,0,True,7,0,0.524
431,FFD,7,BOX-XXL,88.07,0,True,5,0,0.407
432,FFD,1,BOX-XL,86.26,0,False,1,0,0.045
433,FFD,4,BOX-XL,79.07,0,False,4,0,0.125
434,FFD,8,BOX-XXL,79.12,0,False,8,0,0.686
435,FFD,5,BOX-XXL,90.21,0,True,2,2,0.182
436,FFD,3,BOX-XXL,97.5,0,True,1,1,0.167
437,FFD,2,BOX-F3,96.01,0,False,1,1,0.056
438,FFD,8,BOX-XXL,97.91,0,True,1,4,0.323
439,FFD,7,BOX-XXL,87.57,0,True,3,3,0.324
440,FFD,2,BOX-L,74.54,0,False,1,1,0.055
441,FFD,8,BOX-XXL,88.04,0,True,2,1,0.306
442,FFD,2,BOX-S,36.89,0,False,1,1,0.039
443,FFD,5,BOX-XXL,90.92,0,False,5,0,0.206
444,FFD,7,BOX-XXL,83.59,0,True,5,0,0.521
445,FFD,1,BOX-XS,74.34,0,False,1,0,0.037
446,FFD,1,BOX-XS,60.3,0,False,1,0,0.032
447,FFD,7,BOX-XXL,66.5,0,True,6,0,0.392
448,FFD,2,BOX-M,73.95,0,False,2,0,0.06
449,FFD,1,BOX-F3,62.55,0,False,1,0,0.037
450,FFD,3,BOX-XXL,77.56,0,False,3,0,0.067
451,FFD,1,BOX-L,68.22,0,False,1,0,0.036
452,FFD,1,BOX-XS,52.22,0,False,1,0,0.03
453,FFD,1,BOX-F2,71.71,0,False,1,0,0.032
454,FFD,1,BOX-F1,62.54,0,False,1,0,0.03
455,FFD,8,BOX-XXL,86.66,0,False,8,0,0.651
456,FFD,6,BOX-XXL,84.32,0,True,4,0,0.257
457,FFD,1,BOX-XS,69.14,0,False,1,0,0.034
458,FFD,7,BOX-XXL,91.61,0,True,5,1,0.525
459,FFD,6,BOX-XL,84.99,0,False,6,0,0.327
460,FFD,5,BOX-XL,56.01,0,False,5,0,0.108
461,FFD,5,BOX-XL,81.3,0,False,5,0,0.182
462,FFD,5,BOX-XXL,72.02,0,False,5,0,0.131
463,FFD,2,BOX-F3,64.77,0,False,2,0,0.044
464,FFD,1,BOX-F2,40.52,0,False,1,0,0.031
465,FFD,1,BOX-XS,96.04,0,False,1,0,0.032
466,FFD,1,BOX-S,61.19,0,False,1,0,0.033
467,FFD,5,BOX-XXL,71.57,0,False,5,0,0.141
468,FFD,4,BOX-XXL,91.77,0,True,3,0,0.202
469,FFD,1,BOX-S,76.54,0,False,1,0,0.035
470,FFD,8,BOX-XXL,69.31,0,False,7,1,0.235
471,FFD,4,BOX-XXL,85.43,0,True,3,0,0.166
472,FFD,7,BOX-XXL,92.47,0,True,5,1,0.501
473,FFD,2,BOX-M,63.02,0,False,1,1,0.054
474,FFD,6,BOX-XXL,59.05,0,False,6,0,0.182
475,FFD,3,BOX-XXL,91.0,0,True,2,0,0.155
476,FFD,2,BOX-L,69.21,0,False,2,0,0.046
477,FFD,1,BOX-F2,89.46,0,False,1,0,0.034
478,FFD,5,BOX-XXL,95.74,0,True,3,0,0.334
479,FFD,3,BOX-XXL,97.21,0,True,2,0,0.183
480,FFD,1,BOX-XS,71.84,0,False,1,0,0.035
481,FFD,7,BOX-L,49.96,0,False,4,3,0.132
482,FFD,7,BOX-XXL,87.42,0,True,6,0,0.676
483,FFD,5,BOX-XXL,76.42,0,False,5,0,0.205
484,FFD,6,BOX-XXL,88.88,0,True,4,1,0.317
485,FFD,3,BOX-M,83.92,0,False,1,2,0.06
486,FFD,7,BOX-XXL,93.55,0,True,4,2,0.501
487,FFD,8,BOX-XXL,78.28,0,False,6,2,0.472
488,FFD,2,BOX-XXL,96.07,0,True,1,0,0.098
489,FFD,2,BOX-L,56.9,0,False,2,0,0.049
490,FFD,2,BOX-F3,64.51,0,False,2,0,0.045
491,FFD,7,BOX-XXL,82.73,0,True,5,0,0.427
492,FFD,3,BOX-XXL,89.31,0,True,2,0,0.114
493,FFD,2,BOX-L,62.68,0,False,2,0,0.082
494,FFD,1,BOX-XS,100.0,0,False,0,1,0.055
495,FFD,1,BOX-M,38.52,0,False,1,0,0.054
496,FFD,7,BOX-XXL,69.02,0,False,6,1,0.294
497,FFD,7,BOX-XL,58.93,0,False,7,0,0.33
498,FFD,3,BOX-XXL,94.99,0,True,1,1,0.129
499,FFD,5,BOX-XXL,82.26,0,True,4,0,0.204
0,FFD+Rotation,7,BOX-XL,42.31,0,False,7,0,0.439
1,FFD+Rotation,5,BOX-XXL,85.53,0,False,5,0,1.039
2,FFD+Rotation,7,BOX-M,38.36,0,False,5,2,0.589
3,FFD+Rotation,3,BOX-M,90.9,0,False,2,1,0.264
4,FFD+Rotation,3,BOX-XXL,100.0,0,True,0,2,0.479
5,FFD+Rotation,8,BOX-XL,54.37,0,False,6,2,0.81
6,FFD+Rotation,3,BOX-XXL,95.37,0,True,1,1,0.502
7,FFD+Rotation,5,BOX-XXL,100.0,0,True,0,1,0.807
8,FFD+Rotation,8,BOX-XXL,98.58,0,True,2,3,2.454
9,FFD+Rotation,6,BOX-XXL,97.54,0,True,1,3,0.626
10,FFD+Rotation,8,BOX-XXL,76.39,0,True,7,0,2.928
11,FFD+Rotation,4,BOX-XXL,83.74,0,True,3,0,0.493
12,FFD+Rotation,6,BOX-XXL,78.59,0,False,6,0,0.794
13,FFD+Rotation,4,BOX-XXL,96.46,0,True,1,1,0.729
14,FFD+Rotation,1,BOX-XL,75.26,0,False,1,0,0.056
15,FFD+Rotation,7,BOX-XXL,88.19,0,True,6,0,3.125
16,FFD+Rotation,4,BOX-XL,61.43,0,False,3,1,0.293
17,FFD+Rotation,8,BOX-XXL,79.45,0,False,7,1,1.596
18,FFD+Rotation,6,BOX-XXL,76.48,0,False,6,0,0.969
19,FFD+Rotation,6,BOX-L,50.34,0,False,4,2,0.381
20,FFD+Rotation,7,BOX-XXL,80.76,0,False,7,0,3.108
21,FFD+Rotation,8,BOX-XXL,78.56,0,True,7,0,3.426
22,FFD+Rotation,5,BOX-XXL,93.15,0,True,1,1,0.986
23,FFD+Rotation,7,BOX-XL,35.36,0,False,6,1,0.404
24,FFD+Rotation,1,BOX-S,60.03,0,False,1,0,0.048
25,FFD+Rotation,2,BOX-L,50.51,0,False,2,0,0.091
26,FFD+Rotation,1,BOX-S,69.75,0,False,1,0,0.041
27,FFD+Rotation,2,BOX-F3,80.08,0,False,2,0,0.076
28,FFD+Rotation,2,BOX-L,43.31,0,False,2,0,0.055
29,FFD+Rotation,2,BOX-F3,62.19,0,False,2,0,0.086
30,FFD+Rotation,7,BOX-L,48.25,0,False,5,2,0.431
31,FFD+Rotation,5,BOX-S,60.45,0,False,1,4,0.124
32,FFD+Rotation,7,BOX-XXL,81.35,0,True,5,0,1.829
33,FFD+Rotation,1,BOX-XL,75.89,0,False,1,0,0.065
34,FFD+Rotation,2,BOX-F3,67.13,0,False,2,0,0.086
35,FFD+Rotation,4,BOX-F3,75.59,0,False,2,2,0.524
36,FFD+Rotation,6,BOX-XXL,84.75,0,True,3,1,1.311
37,FFD+Rotation,6,BOX-XL,59.71,0,False,4,2,0.995
38,FFD+Rotation,4,BOX-XXL,79.05,0,False,4,0,0.574
39,FFD+Rotation,5,BOX-F2,62.1,0,False,4,1,0.389
40,FFD+Rotation,2,BOX-F2,75.81,0,False,2,0,0.14
41,FFD+Rotation,4,BOX-XXL,84.1,0,False,3,1,0.529
42,FFD+Rotation,2,BOX-F2,28.42,0,False,2,0,0.056
43,FFD+Rotation,4,BOX-XXL,95.29,0,True,1,1,0.786
44,FFD+Rotation,8,BOX-XXL,73.0,0,False,8,0,2.321
45,FFD+Rotation,8,BOX-XXL,85.04,0,True,7,0,3.388
46,FFD+Rotation,7,BOX-XXL,92.55,0,True,3,0,1.733
47,FFD+Rotation,1,BOX-F3,75.12,0,False,1,0,0.069
48,FFD+Rotation,8,BOX-XXL,92.09,0,True,7,0,2.513
49,FFD+Rotation,8,BOX-XXL,76.37,0,False,8,0,1.9
50,FFD+Rotation,2,BOX-XXL,92.72,0,True,1,0,0.261
51,FFD+Rotation,5,BOX-XL,66.96,0,False,4,1,0.418
52,FFD+Rotation,2,BOX-F3,67.42,0,False,2,0,0.087
53,FFD+Rotation,4,BOX-XL,85.78,0,False,3,1,0.475
54,FFD+Rotation,4,BOX-XXL,83.81,0,False,3,1,0.466
55,FFD+Rotation,7,BOX-XXL,74.4,0,False,7,0,1.241
56,FFD+Rotation,1,BOX-L,43.14,0,False,1,0,0.057
57,FFD+Rotation,7,BOX-XL,69.87,0,False,4,3,0.785
58,FFD+Rotation,8,BOX-XXL,77.81,0,True,7,0,3.525
59,FFD+Rotation,4,BOX-XL,67.72,0,False,3,1,0.405
60,FFD+Rotation,8,BOX-XXL,73.93,0,True,7,0,2.358
61,FFD+Rotation,3,BOX-F3,73.52,0,False,3,0,0.209
62,FFD+Rotation,1,BOX-S,82.3,0,False,1,0,0.048
63,FFD+Rotation,3,BOX-XXL,78.07,0,False,3,0,0.264
64,FFD+Rotation,1,BOX-F3,82.2,0,False,1,0,0.061
65,FFD+Rotation,5,BOX-XXL,86.68,0,True,3,1,0.769
66,FFD+Rotation,7,BOX-XXL,98.2,0,True,2,2,1.987
67,FFD+Rotation,1,BOX-XS,76.25,0,False,1,0,0.09
68,FFD+Rotation,7,BOX-XXL,80.82,0,False,7,0,4.793
69,FFD+Rotation,8,BOX-XXL,87.69,0,False,8,0,5.183
70,FFD+Rotation,2,BOX-F3,73.07,0,False,2,0,0.113
71,FFD+Rotation,8,BOX-XXL,61.79,0,False,7,1,1.169
72,FFD+Rotation,6,BOX-XL,54.87,0,False,6,0,0.626
73,FFD+Rotation,5,BOX-XXL,80.4,0,False,5,0,0.739
74,FFD+Rotation,4,BOX-XXL,100.0,0,True,0,1,0.491
75,FFD+Rotation,6,BOX-XL,62.46,0,False,5,1,0.657
76,FFD+Rotation,3,BOX-XXL,94.33,0,True,2,0,0.698
77,FFD+Rotation,3,BOX-XL,86.33,0,False,3,0,0.338
78,FFD+Rotation,6,BOX-XXL,94.85,0,True,3,1,1.833
79,FFD+Rotation,1,BOX-XS,89.56,0,False,1,0,0.049
80,FFD+Rotation,2,BOX-M,63.24,0,False,2,0,0.076
81,FFD+Rotation,7,BOX-XXL,90.52,0,True,2,1,1.465
82,FFD+Rotation,3,BOX-XL,71.13,0,False,3,0,0.158
83,FFD+Rotation,7,BOX-XXL,74.75,0,False,7,0,1.274
84,FFD+Rotation,2,BOX-L,48.6,0,False,2,0,0.08
85,FFD+Rotation,5,BOX-XL,82.98,0,False,5,0,1.215
86,FFD+Rotation,7,BOX-F3,57.16,0,False,6,1,0.703
87,FFD+Rotation,8,BOX-XXL,67.57,0,False,8,0,1.671
88,FFD+Rotation,6,BOX-XXL,77.88,0,True,4,0,1.674
89,FFD+Rotation,7,BOX-XXL,64.2,0,False,4,3,1.024
90,FFD+Rotation,5,BOX-XL,87.77,0,False,5,0,1.391
91,FFD+Rotation,3,BOX-F3,60.35,0,False,2,1,0.149
92,FFD+Rotation,5,BOX-XXL,84.84,0,False,4,1,0.805
93,FFD+Rotation,7,BOX-XL,69.63,0,False,4,3,0.907
94,FFD+Rotation,3,BOX-XXL,80.21,0,False,3,0,0.265
95,FFD+Rotation,2,BOX-S,50.01,0,False,1,1,0.045
96,FFD+Rotation,6,BOX-XXL,89.91,0,False,6,0,2.386
97,FFD+Rotation,5,BOX-F3,66.09,0,False,4,1,0.515
98,FFD+Rotation,4,BOX-XXL,86.28,0,False,4,0,0.584
99,FFD+Rotation,4,BOX-F2,42.9,0,False,4,0,0.178
100,FFD+Rotation,4,BOX-XXL,89.34,0,True,3,0,0.935
101,FFD+Rotation,6,BOX-XL,61.86,0,False,3,3,0.324
102,FFD+Rotation,8,BOX-XXL,67.16,0,False,8,0,1.231
103,FFD+Rotation,7,BOX-XXL,78.42,0,True,6,0,2.367
104,FFD+Rotation,1,BOX-S,86.83,0,False,1,0,0.061
105,FFD+Rotation,6,BOX-XXL,81.9,0,True,3,2,1.047
106,FFD+Rotation,1,BOX-XS,86.16,0,False,1,0,0.048
107,FFD+Rotation,6,BOX-XXL,100.0,0,True,0,4,0.895
108,FFD+Rotation,4,BOX-XL,57.38,0,False,4,0,0.224
109,FFD+Rotation,3,BOX-M,82.43,0,False,3,0,0.435
110,FFD+Rotation,8,BOX-XXL,85.0,0,True,5,0,1.655
111,FFD+Rotation,1,BOX-F3,89.82,0,False,1,0,0.062
112,FFD+Rotation,1,BOX-XS,37.72,0,False,1,0,0.038
113,FFD+Rotation,2,BOX-XS,34.02,0,False,1,1,0.045
114,FFD+Rotation,7,BOX-XXL,84.42,0,False,6,1,1.41
115,FFD+Rotation,6,BOX-XL,63.62,0,False,5,1,0.782
116,FFD+Rotation,8,BOX-L,33.69,0,False,5,3,0.547
117,FFD+Rotation,4,BOX-L,73.56,0,False,3,1,0.309
118,FFD+Rotation,6,BOX-XXL,85.64,0,True,5,0,1.343
119,FFD+Rotation,2,BOX-XL,86.85,0,False,2,0,0.101
120,FFD+Rotation,4,BOX-XXL,81.34,0,False,4,0,0.606
121,FFD+Rotation,7,BOX-XXL,90.16,0,True,5,1,2.545
122,FFD+Rotation,1,BOX-S,94.8,0,False,1,0,0.058
123,FFD+Rotation,1,BOX-S,74.48,0,False,1,0,0.049
124,FFD+Rotation,3,BOX-XXL,92.34,0,True,2,0,0.452
125,FFD+Rotation,2,BOX-F3,70.3,0,False,2,0,0.069
126,FFD+Rotation,5,BOX-XXL,93.85,0,True,3,0,1.933
127,FFD+Rotation,1,BOX-F3,85.18,0,False,1,0,0.093
128,FFD+Rotation,3,BOX-XXL,86.47,0,True,2,0,0.615
129,FFD+Rotation,2,BOX-F3,78.0,0,False,2,0,0.177
130,FFD+Rotation,4,BOX-L,59.58,0,False,4,0,0.452
131,FFD+Rotation,8,BOX-XXL,74.52,0,True,7,0,3.167
132,FFD+Rotation,4,BOX-XL,64.23,0,False,4,0,0.284
133,FFD+Rotation,3,BOX-F3,49.01,0,False,3,0,0.11
134,FFD+Rotation,7,BOX-XXL,89.73,0,False,7,0,2.088
135,FFD+Rotation,8,BOX-XXL,81.19,0,False,8,0,2.578
136,FFD+Rotation,2,BOX-F3,65.95,0,False,2,0,0.079
137,FFD+Rotation,6,BOX-XL,50.23,0,False,6,0,0.299
138,FFD+Rotation,7,BOX-XXL,84.84,0,False,7,0,1.577
139,FFD+Rotation,8,BOX-XXL,66.32,0,True,6,1,1.76
140,FFD+Rotation,1,BOX-L,84.27,0,False,1,0,0.257
141,FFD+Rotation,3,BOX-L,61.49,0,False,3,0,0.486
142,FFD+Rotation,5,BOX-XXL,93.48,0,True,3,1,1.269
143,FFD+Rotation,4,BOX-XXL,82.07,0,False,4,0,0.627
144,FFD+Rotation,3,BOX-F3,52.89,0,False,3,0,0.334
145,FFD+Rotation,2,BOX-XXL,91.79,0,True,1,0,0.509
146,FFD+Rotation,7,BOX-XL,73.0,0,False,5,2,1.821
147,FFD+Rotation,8,BOX-XXL,72.55,0,False,7,1,1.709
148,FFD+Rotation,4,BOX-XL,51.93,0,False,4,0,0.255
149,FFD+Rotation,1,BOX-XS,70.59,0,False,1,0,0.05
150,FFD+Rotation,8,BOX-XXL,82.0,0,True,5,0,2.034
151,FFD+Rotation,2,BOX-XXL,96.05,0,True,1,0,0.33
152,FFD+Rotation,1,BOX-XS,57.75,0,False,1,0,0.044
153,FFD+Rotation,4,BOX-F2,74.68,0,False,2,2,0.302
154,FFD+Rotation,1,BOX-F2,39.15,0,False,1,0,0.04
155,FFD+Rotation,7,BOX-XXL,82.51,0,False,7,0,2.121
156,FFD+Rotation,2,BOX-F3,60.71,0,False,2,0,0.105
157,FFD+Rotation,7,BOX-XXL,85.18,0,True,5,1,2.613
158,FFD+Rotation,8,BOX-XXL,64.47,0,True,7,0,1.66
159,FFD+Rotation,8,BOX-XXL,85.06,0,True,6,1,2.521
160,FFD+Rotation,4,BOX-F3,68.27,0,False,3,1,0.253
161,FFD+Rotation,1,BOX-XS,48.4,0,False,1,0,0.043
162,FFD+Rotation,5,BOX-XXL,81.26,0,True,4,0,0.846
163,FFD+Rotation,3,BOX-M,36.51,0,False,2,1,0.4
164,FFD+Rotation,1,BOX-S,67.01,0,False,1,0,0.149
165,FFD+Rotation,3,BOX-L,55.87,0,False,2,1,0.54
166,FFD+Rotation,8,BOX-XXL,89.55,0,True,7,0,4.106
167,FFD+Rotation,3,BOX-S,51.89,0,False,3,0,0.092
168,FFD+Rotation,8,BOX-XXL,89.15,0,True,6,1,3.112
169,FFD+Rotation,8,BOX-XXL,78.63,0,True,7,0,3.36
170,FFD+Rotation,3,BOX-F3,90.37,0,False,2,1,0.219
171,FFD+Rotation,4,BOX-XL,85.42,0,False,2,2,0.441
172,FFD+Rotation,4,BOX-XXL,93.37,0,True,2,1,0.968
173,FFD+Rotation,8,BOX-XL,63.46,0,False,5,3,1.258
174,FFD+Rotation,1,BOX-F3,85.56,0,False,1,0,0.113
175,FFD+Rotation,1,BOX-XS,93.66,0,False,1,0,0.085
176,FFD+Rotation,8,BOX-XXL,83.77,0,True,3,1,1.356
177,FFD+Rotation,2,BOX-F2,47.07,0,False,1,1,0.078
178,FFD+Rotation,6,BOX-XXL,76.54,0,True,2,2,1.019
179,FFD+Rotation,5,BOX-XXL,89.35,0,True,1,2,0.744
180,FFD+Rotation,1,BOX-S,50.84,0,False,1,0,0.049
181,FFD+Rotation,1,BOX-L,48.23,0,False,1,0,0.044
182,FFD+Rotation,8,BOX-XXL,84.16,0,True,4,2,1.183
183,FFD+Rotation,8,BOX-XXL,83.31,0,True,2,3,2.363
184,FFD+Rotation,8,BOX-XXL,76.77,0,True,7,0,2.291
185,FFD+Rotation,3,BOX-XXL,98.01,0,True,1,1,0.74
186,FFD+Rotation,8,BOX-XXL,65.18,0,False,8,0,1.404
187,FFD+Rotation,8,BOX-XXL,79.76,0,True,6,1,3.84
188,FFD+Rotation,3,BOX-XXL,86.11,0,True,2,0,0.463
189,FFD+Rotation,6,BOX-XL,66.91,0,False,6,0,0.88
190,FFD+Rotation,6,BOX-XXL,76.49,0,False,6,0,1.013
191,FFD+Rotation,6,BOX-XL,50.9,0,False,4,2,0.34
192,FFD+Rotation,6,BOX-XXL,81.57,0,True,4,1,1.432
193,FFD+Rotation,3,BOX-F3,63.84,0,False,2,1,0.386
194,FFD+Rotation,8,BOX-XXL,86.51,0,True,4,3,4.187
195,FFD+Rotation,3,BOX-M,54.75,0,False,3,0,0.215
196,FFD+Rotation,5,BOX-XXL,75.93,0,True,4,0,1.406
197,FFD+Rotation,1,BOX-S,100.0,0,False,0,1,0.089
198,FFD+Rotation,8,BOX-XXL,89.76,0,False,8,0,4.005
199,FFD+Rotation,5,BOX-XXL,80.35,0,True,3,1,1.239
200,FFD+Rotation,5,BOX-XL,68.26,0,False,5,0,0.527
201,FFD+Rotation,3,BOX-M,52.6,0,False,3,0,0.216
202,FFD+Rotation,3,BOX-XXL,99.82,0,True,1,1,0.411
203,FFD+Rotation,4,BOX-XXL,91.36,0,True,3,0,0.683
204,FFD+Rotation,5,BOX-XXL,87.24,0,True,4,0,1.164
205,FFD+Rotation,5,BOX-XXL,85.19,0,False,5,0,0.815
206,FFD+Rotation,3,BOX-XL,75.24,0,False,3,0,0.455
207,FFD+Rotation,1,BOX-XS,55.77,0,False,1,0,0.062
208,FFD+Rotation,8,BOX-XXL,76.43,0,False,7,1,1.944
209,FFD+Rotation,1,BOX-F1,28.38,0,False,1,0,0.057
210,FFD+Rotation,5,BOX-F3,45.63,0,False,3,2,0.228
211,FFD+Rotation,1,BOX-S,65.46,0,False,1,0,0.047
212,FFD+Rotation,5,BOX-XXL,79.6,0,False,5,0,0.807
213,FFD+Rotation,1,BOX-F3,84.96,0,False,1,0,0.062
214,FFD+Rotation,8,BOX-XXL,86.17,0,False,7,1,2.988
215,FFD+Rotation,1,BOX-XS,27.9,0,False,1,0,0.084
216,FFD+Rotation,7,BOX-XXL,63.24,0,True,6,0,1.588
217,FFD+Rotation,2,BOX-M,50.71,0,False,2,0,0.088
218,FFD+Rotation,8,BOX-XXL,71.61,0,True,7,0,1.427
219,FFD+Rotation,7,BOX-XXL,85.94,0,False,7,0,2.105
220,FFD+Rotation,7,BOX-XL,73.4,0,False,5,2,1.066
221,FFD+Rotation,7,BOX-XXL,82.74,0,False,7,0,1.651
222,FFD+Rotation,2,BOX-F3,66.04,0,False,2,0,0.073
223,FFD+Rotation,2,BOX-M,33.82,0,False,2,0,0.07
224,FFD+Rotation,8,BOX-XXL,57.32,0,True,5,1,1.109
225,FFD+Rotation,8,BOX-XXL,80.68,0,True,7,0,3.392
226,FFD+Rotation,2,BOX-XXL,89.27,0,True,1,0,0.568
227,FFD+Rotation,2,BOX-S,48.41,0,False,1,1,0.293
228,FFD+Rotation,1,BOX-XS,47.03,0,False,1,0,0.086
229,FFD+Rotation,5,BOX-L,42.79,0,False,4,1,0.406
230,FFD+Rotation,2,BOX-F2,72.41,0,False,2,0,0.233
231,FFD+Rotation,4,BOX-F3,62.42,0,False,4,0,0.535
232,FFD+Rotation,4,BOX-XL,66.72,0,False,4,0,0.505
233,FFD+Rotation,8,BOX-XXL,76.48,0,True,6,1,3.528
234,FFD+Rotation,6,BOX-XXL,77.17,0,False,5,1,0.882
235,FFD+Rotation,6,BOX-XXL,87.12,0,True,5,0,1.867
236,FFD+Rotation,3,BOX-L,69.65,0,False,2,1,0.274
237,FFD+Rotation,7,BOX-XXL,84.21,0,True,6,0,2.736
238,FFD+Rotation,2,BOX-XXL,96.89,0,True,1,0,0.349
239,FFD+Rotation,8,BOX-XL,33.93,0,False,8,0,0.501
240,FFD+Rotation,7,BOX-XXL,91.63,0,True,2,0,1.025
241,FFD+Rotation,3,BOX-XL,89.72,0,False,3,0,0.877
242,FFD+Rotation,2,BOX-L,67.99,0,False,2,0,0.304
243,FFD+Rotation,6,BOX-XXL,85.54,0,True,4,0,1.281
244,FFD+Rotation,6,BOX-XXL,88.95,0,False,6,0,2.188
245,FFD+Rotation,2,BOX-S,59.28,0,False,1,1,0.094
246,FFD+Rotation,1,BOX-F2,64.54,0,False,1,0,0.053
247,FFD+Rotation,6,BOX-L,55.79,0,False,4,2,0.653
248,FFD+Rotation,6,BOX-XXL,86.54,0,True,5,0,1.272
249,FFD+Rotation,4,BOX-F3,29.9,0,False,3,1,0.144
250,FFD+Rotation,1,BOX-XS,100.0,0,False,0,1,0.042
251,FFD+Rotation,5,BOX-M,50.17,0,False,3,2,0.578
252,FFD+Rotation,4,BOX-F2,71.93,0,False,2,2,0.321
253,FFD+Rotation,4,BOX-F3,44.74,0,False,3,1,0.241
254,FFD+Rotation,5,BOX-F3,82.39,0,False,4,1,1.0
255,FFD+Rotation,4,BOX-XXL,83.66,0,False,4,0,0.62
256,FFD+Rotation,7,BOX-XXL,65.31,0,False,7,0,0.797
257,FFD+Rotation,7,BOX-XL,79.92,0,False,7,0,1.767
258,FFD+Rotation,4,BOX-XXL,87.35,0,False,4,0,0.617
259,FFD+Rotation,2,BOX-S,33.98,0,False,1,1,0.065
260,FFD+Rotation,2,BOX-L,36.93,0,False,2,0,0.061
261,FFD+Rotation,3,BOX-XL,64.88,0,False,3,0,0.172
262,FFD+Rotation,8,BOX-XXL,80.76,0,True,5,2,2.148
263,FFD+Rotation,3,BOX-F3,40.5,0,False,3,0,0.154
264,FFD+Rotation,2,BOX-XL,86.93,0,False,2,0,0.121
265,FFD+Rotation,5,BOX-L,40.37,0,False,4,1,0.264
266,FFD+Rotation,5,BOX-XL,73.27,0,False,5,0,0.505
267,FFD+Rotation,7,BOX-XXL,66.85,0,False,7,0,1.137
268,FFD+Rotation,1,BOX-M,38.52,0,False,1,0,0.052
269,FFD+Rotation,1,BOX-XS,56.37,0,False,1,0,0.037
270,FFD+Rotation,2,BOX-XXL,97.04,0,True,1,0,0.298
271,FFD+Rotation,7,BOX-XXL,89.12,0,True,5,0,1.684
272,FFD+Rotation,6,BOX-XXL,86.96,0,True,4,1,1.813
273,FFD+Rotation,8,BOX-XXL,76.4,0,True,6,1,2.542
274,FFD+Rotation,8,BOX-XXL,91.68,0,True,4,2,2.555
275,FFD+Rotation,5,BOX-XXL,86.58,0,False,5,0,0.847
276,FFD+Rotation,5,BOX-XL,81.59,0,False,5,0,1.704
277,FFD+Rotation,8,BOX-XXL,80.43,0,False,7,1,1.859
278,FFD+Rotation,5,BOX-XL,60.49,0,False,3,2,0.521
279,FFD+Rotation,3,BOX-XL,87.48,0,False,3,0,0.351
280,FFD+Rotation,2,BOX-F3,83.54,0,False,2,0,0.181
281,FFD+Rotation,3,BOX-L,49.9,0,False,3,0,0.127
282,FFD+Rotation,6,BOX-XXL,78.28,0,False,6,0,1.67
283,FFD+Rotation,5,BOX-XL,89.72,0,False,4,1,0.866
284,FFD+Rotation,4,BOX-L,52.92,0,False,3,1,0.197
285,FFD+Rotation,7,BOX-XXL,97.63,0,True,2,2,2.931
286,FFD+Rotation,6,BOX-XXL,93.62,0,True,3,1,1.092
287,FFD+Rotation,6,BOX-XL,58.06,0,False,5,1,0.566
288,FFD+Rotation,5,BOX-XL,74.35,0,False,4,1,0.379
289,FFD+Rotation,8,BOX-XXL,73.29,0,True,6,1,1.969
290,FFD+Rotation,5,BOX-XXL,100.0,0,True,0,3,1.228
291,FFD+Rotation,4,BOX-F3,59.58,0,False,4,0,0.384
292,FFD+Rotation,6,BOX-XXL,75.93,0,False,6,0,1.439
293,FFD+Rotation,5,BOX-XXL,83.45,0,True,4,0,1.052
294,FFD+Rotation,2,BOX-S,84.66,0,False,1,1,0.073
295,FFD+Rotation,6,BOX-XL,76.74,0,False,5,1,1.172
296,FFD+Rotation,4,BOX-XXL,82.68,0,False,4,0,0.407
297,FFD+Rotation,4,BOX-F3,80.92,0,False,2,2,0.244
298,FFD+Rotation,2,BOX-F3,53.88,0,False,2,0,0.09
299,FFD+Rotation,3,BOX-M,85.43,0,False,3,0,0.451
300,FFD+Rotation,1,BOX-M,34.22,0,False,1,0,0.046
301,FFD+Rotation,5,BOX-XL,57.04,0,False,5,0,0.705
302,FFD+Rotation,4,BOX-L,88.28,0,False,4,0,0.849
303,FFD+Rotation,8,BOX-XXL,85.26,0,False,8,0,2.642
304,FFD+Rotation,7,BOX-XXL,95.6,0,True,2,3,2.342
305,FFD+Rotation,1,BOX-F3,37.55,0,False,1,0,0.057
306,FFD+Rotation,8,BOX-XXL,70.9,0,True,6,0,2.609
307,FFD+Rotation,3,BOX-F3,74.69,0,False,3,0,0.261
308,FFD+Rotation,8,BOX-XXL,86.36,0,True,5,2,2.423
309,FFD+Rotation,2,BOX-XL,81.19,0,False,2,0,0.168
310,FFD+Rotation,4,BOX-XL,86.67,0,False,4,0,0.8
311,FFD+Rotation,1,BOX-F3,96.77,0,False,1,0,0.069
312,FFD+Rotation,3,BOX-L,82.97,0,False,3,0,0.414
313,FFD+Rotation,5,BOX-XL,50.87,0,False,4,1,0.431
314,FFD+Rotation,1,BOX-S,61.19,0,False,1,0,0.058
315,FFD+Rotation,3,BOX-F2,62.42,0,False,2,1,0.269
316,FFD+Rotation,5,BOX-F3,52.55,0,False,4,1,1.212
317,FFD+Rotation,7,BOX-XXL,78.35,0,False,7,0,2.038
318,FFD+Rotation,2,BOX-F3,65.92,0,False,2,0,0.111
319,FFD+Rotation,3,BOX-F3,51.82,0,False,3,0,0.187
320,FFD+Rotation,1,BOX-XL,82.3,0,False,1,0,0.064
321,FFD+Rotation,8,BOX-XXL,86.36,0,False,8,0,2.273
322,FFD+Rotation,2,BOX-M,80.78,0,False,2,0,0.209
323,FFD+Rotation,2,BOX-F3,70.64,0,False,2,0,0.149
324,FFD+Rotation,2,BOX-S,65.72,0,False,2,0,0.087
325,FFD+Rotation,1,BOX-S,64.37,0,False,1,0,0.047
326,FFD+Rotation,4,BOX-XXL,83.58,0,False,3,1,0.428
327,FFD+Rotation,5,BOX-XXL,79.89,0,True,3,1,1.395
328,FFD+Rotation,5,BOX-XXL,93.13,0,True,3,0,1.192
329,FFD+Rotation,5,BOX-XXL,87.64,0,False,4,1,0.532
330,FFD+Rotation,4,BOX-XXL,80.3,0,True,3,0,0.67
331,FFD+Rotation,5,BOX-XXL,79.31,0,False,5,0,0.735
332,FFD+Rotation,1,BOX-S,48.41,0,False,1,0,0.045
333,FFD+Rotation,5,BOX-XL,64.49,0,False,4,1,0.44
334,FFD+Rotation,8,BOX-XXL,83.26,0,True,6,0,3.667
335,FFD+Rotation,3,BOX-XXL,94.62,0,True,2,0,0.548
336,FFD+Rotation,8,BOX-XXL,82.66,0,False,8,0,2.789
337,FFD+Rotation,2,BOX-XL,70.26,0,False,2,0,0.106
338,FFD+Rotation,7,BOX-XXL,65.98,0,True,6,0,1.335
339,FFD+Rotation,8,BOX-XXL,77.87,0,True,7,0,4.546
340,FFD+Rotation,6,BOX-XL,47.04,0,False,5,1,0.44
341,FFD+Rotation,5,BOX-XXL,83.66,0,True,3,0,1.113
342,FFD+Rotation,1,BOX-S,35.77,0,False,1,0,0.049
343,FFD+Rotation,5,BOX-XXL,92.95,0,True,3,1,1.002
344,FFD+Rotation,1,BOX-S,87.96,0,False,1,0,0.052
345,FFD+Rotation,1,BOX-F3,80.18,0,False,1,0,0.056
346,FFD+Rotation,1,BOX-S,74.23,0,False,1,0,0.062
347,FFD+Rotation,4,BOX-XXL,90.19,0,True,3,0,1.173
348,FFD+Rotation,1,BOX-XS,92.83,0,False,1,0,0.083
349,FFD+Rotation,5,BOX-L,75.58,0,False,4,1,0.666
350,FFD+Rotation,3,BOX-F3,94.09,0,False,1,2,0.329
351,FFD+Rotation,4,BOX-F3,65.89,0,False,4,0,0.27
352,FFD+Rotation,5,BOX-XL,63.03,0,False,5,0,0.32
353,FFD+Rotation,3,BOX-M,78.34,0,False,3,0,0.367
354,FFD+Rotation,1,BOX-F2,78.24,0,False,1,0,0.047
355,FFD+Rotation,4,BOX-XXL,94.76,0,False,4,0,0.956
356,FFD+Rotation,7,BOX-XXL,82.02,0,True,5,1,2.353
357,FFD+Rotation,4,BOX-XXL,95.05,0,True,1,1,1.202
358,FFD+Rotation,2,BOX-M,74.62,0,False,1,1,0.298
359,FFD+Rotation,8,BOX-XL,38.49,0,False,8,0,1.023
360,FFD+Rotation,5,BOX-XXL,84.56,0,False,5,0,1.074
361,FFD+Rotation,4,BOX-XXL,97.29,0,True,2,0,0.721
362,FFD+Rotation,5,BOX-XXL,91.47,0,True,4,0,1.005
363,FFD+Rotation,8,BOX-XXL,81.99,0,True,7,0,4.791
364,FFD+Rotation,7,BOX-F3,57.95,0,False,6,1,0.824
365,FFD+Rotation,5,BOX-XXL,92.62,0,True,2,1,0.973
366,FFD+Rotation,2,BOX-XXL,95.2,0,True,1,0,0.309
367,FFD+Rotation,6,BOX-XXL,84.73,0,True,3,2,1.156
368,FFD+Rotation,3,BOX-XXL,86.77,0,True,2,0,0.535
369,FFD+Rotation,5,BOX-F3,58.69,0,False,3,2,0.756
370,FFD+Rotation,2,BOX-XXL,100.0,0,True,0,0,0.763
371,FFD+Rotation,1,BOX-F2,73.76,0,False,1,0,0.143
372,FFD+Rotation,2,BOX-F2,52.72,0,False,1,1,0.094
373,FFD+Rotation,5,BOX-L,39.92,0,False,4,1,0.22
374,FFD+Rotation,7,BOX-XXL,83.21,0,False,7,0,1.588
375,FFD+Rotation,5,BOX-F3,44.2,0,False,3,2,0.188
376,FFD+Rotation,2,BOX-M,37.91,0,False,2,0,0.067
377,FFD+Rotation,2,BOX-XS,32.94,0,False,1,1,0.063
378,FFD+Rotation,2,BOX-L,80.22,0,False,2,0,0.116
379,FFD+Rotation,5,BOX-F3,24.32,0,False,4,1,0.189
380,FFD+Rotation,3,BOX-F3,72.29,0,False,3,0,0.194
381,FFD+Rotation,8,BOX-XXL,83.68,0,False,8,0,3.514
382,FFD+Rotation,1,BOX-XS,100.0,0,False,0,1,0.059
383,FFD+Rotation,4,BOX-F3,40.64,0,False,3,1,0.129
384,FFD+Rotation,7,BOX-XXL,88.18,0,True,5,1,2.671
385,FFD+Rotation,1,BOX-M,34.22,0,False,1,0,0.051
386,FFD+Rotation,4,BOX-F3,49.07,0,False,3,1,0.205
387,FFD+Rotation,4,BOX-XXL,94.69,0,True,2,1,0.783
388,FFD+Rotation,3,BOX-F2,46.88,0,False,2,1,0.111
389,FFD+Rotation,4,BOX-XXL,88.62,0,True,2,1,0.515
390,FFD+Rotation,3,BOX-XXL,91.61,0,True,1,0,0.471
391,FFD+Rotation,2,BOX-F3,72.67,0,False,1,1,0.095
392,FFD+Rotation,7,BOX-XXL,71.5,0,True,6,0,2.685
393,FFD+Rotation,3,BOX-XXL,87.4,0,True,1,0,0.318
394,FFD+Rotation,5,BOX-XXL,96.65,0,True,2,0,1.336
395,FFD+Rotation,4,BOX-XL,76.2,0,False,3,1,0.323
396,FFD+Rotation,2,BOX-F3,43.62,0,False,2,0,0.082
397,FFD+Rotation,4,BOX-XXL,96.35,0,True,1,1,0.841
398,FFD+Rotation,5,BOX-XL,65.08,0,False,4,1,0.427
399,FFD+Rotation,1,BOX-F2,52.29,0,False,1,0,0.054
400,FFD+Rotation,1,BOX-F2,59.41,0,False,1,0,0.046
401,FFD+Rotation,5,BOX-XXL,85.19,0,False,5,0,1.178
402,FFD+Rotation,6,BOX-L,64.31,0,False,5,1,1.716
403,FFD+Rotation,7,BOX-XXL,84.65,0,False,7,0,2.356
404,FFD+Rotation,1,BOX-M,84.52,0,False,1,0,0.068
405,FFD+Rotation,8,BOX-XXL,86.76,0,True,6,1,3.918
406,FFD+Rotation,6,BOX-XXL,84.19,0,True,4,1,1.665
407,FFD+Rotation,4,BOX-XXL,90.72,0,False,4,0,0.974
408,FFD+Rotation,5,BOX-XXL,96.38,0,True,2,1,1.618
409,FFD+Rotation,6,BOX-XXL,73.09,0,False,6,0,1.082
410,FFD+Rotation,3,BOX-L,51.8,0,False,2,1,0.146
411,FFD+Rotation,5,BOX-XXL,94.46,0,True,2,1,2.149
412,FFD+Rotation,3,BOX-XL,87.77,0,False,3,0,0.518
413,FFD+Rotation,1,BOX-XS,100.0,0,False,0,1,0.078
414,FFD+Rotation,1,BOX-F3,48.7,0,False,1,0,0.06
415,FFD+Rotation,6,BOX-XXL,72.19,0,True,4,1,1.534
416,FFD+Rotation,1,BOX-F2,77.46,0,False,1,0,0.078
417,FFD+Rotation,8,BOX-XXL,71.03,0,False,7,1,1.457
418,FFD+Rotation,1,BOX-F3,79.7,0,False,1,0,0.064
419,FFD+Rotation,4,BOX-XL,65.37,0,False,3,1,0.255
420,FFD+Rotation,8,BOX-XL,47.39,0,False,6,2,0.656
421,FFD+Rotation,8,BOX-XXL,93.04,0,True,3,1,2.44
422,FFD+Rotation,4,BOX-XXL,92.83,0,False,4,0,2.347
423,FFD+Rotation,4,BOX-XXL,96.25,0,True,2,0,1.566
424,FFD+Rotation,2,BOX-L,71.21,0,False,2,0,0.249
425,FFD+Rotation,4,BOX-XL,64.15,0,False,4,0,0.429
426,FFD+Rotation,8,BOX-XL,56.83,0,False,7,1,2.231
427,FFD+Rotation,4,BOX-XXL,89.1,0,True,2,1,1.103
428,FFD+Rotation,4,BOX-XL,84.35,0,False,3,1,0.63
429,FFD+Rotation,5,BOX-XXL,89.06,0,False,5,0,1.01
430,FFD+Rotation,8,BOX-XXL,71.52,0,True,6,1,3.467
431,FFD+Rotation,7,BOX-XXL,88.07,0,True,5,0,2.433
432,FFD+Rotation,1,BOX-L,72.51,0,False,1,0,0.085
433,FFD+Rotation,4,BOX-F3,46.84,0,False,4,0,0.196
434,FFD+Rotation,8,BOX-XXL,79.12,0,False,8,0,3.083
435,FFD+Rotation,5,BOX-XL,77.24,0,False,3,2,0.38
436,FFD+Rotation,3,BOX-XXL,97.5,0,True,1,1,1.194
437,FFD+Rotation,2,BOX-F3,96.01,0,False,1,1,0.178
438,FFD+Rotation,8,BOX-XXL,97.91,0,True,1,4,2.551
439,FFD+Rotation,7,BOX-XL,72.05,0,False,4,3,0.638
440,FFD+Rotation,2,BOX-L,74.54,0,False,1,1,0.114
441,FFD+Rotation,8,BOX-XXL,88.04,0,True,2,1,1.562
442,FFD+Rotation,2,BOX-S,36.89,0,False,1,1,0.061
443,FFD+Rotation,5,BOX-XXL,90.92,0,False,5,0,0.906
444,FFD+Rotation,7,BOX-XXL,82.3,0,True,5,1,2.388
445,FFD+Rotation,1,BOX-XS,74.34,0,False,1,0,0.08
446,FFD+Rotation,1,BOX-XS,60.3,0,False,1,0,0.051
447,FFD+Rotation,7,BOX-XXL,66.71,0,True,5,1,1.441
448,FFD+Rotation,2,BOX-M,73.95,0,False,2,0,0.144
449,FFD+Rotation,1,BOX-F3,62.55,0,False,1,0,0.055
450,FFD+Rotation,3,BOX-XL,55.11,0,False,3,0,0.142
451,FFD+Rotation,1,BOX-L,68.22,0,False,1,0,0.054
452,FFD+Rotation,1,BOX-XS,52.22,0,False,1,0,0.039
453,FFD+Rotation,1,BOX-F2,71.71,0,False,1,0,0.045
454,FFD+Rotation,1,BOX-S,58.38,0,False,1,0,0.038
455,FFD+Rotation,8,BOX-XL,73.31,0,False,8,0,2.158
456,FFD+Rotation,6,BOX-XXL,83.4,0,True,5,0,2.137
457,FFD+Rotation,1,BOX-XS,69.14,0,False,1,0,0.073
458,FFD+Rotation,7,BOX-XL,76.35,0,False,5,2,1.327
459,FFD+Rotation,6,BOX-XL,85.44,0,False,5,1,1.39
460,FFD+Rotation,5,BOX-XL,56.01,0,False,5,0,0.36
461,FFD+Rotation,5,BOX-XL,81.3,0,False,5,0,0.799
462,FFD+Rotation,5,BOX-XL,44.05,0,False,5,0,0.277
463,FFD+Rotation,2,BOX-F3,64.77,0,False,2,0,0.073
464,FFD+Rotation,1,BOX-F2,40.52,0,False,1,0,0.039
465,FFD+Rotation,1,BOX-XS,96.04,0,False,1,0,0.039
466,FFD+Rotation,1,BOX-S,61.19,0,False,1,0,0.04
467,FFD+Rotation,5,BOX-XXL,71.57,0,False,5,0,0.642
468,FFD+Rotation,4,BOX-XXL,91.77,0,True,3,0,1.55
469,FFD+Rotation,1,BOX-S,76.54,0,False,1,0,0.094
470,FFD+Rotation,8,BOX-XXL,67.4,0,False,8,0,1.112
471,FFD+Rotation,4,BOX-XXL,85.43,0,True,3,0,0.778
472,FFD+Rotation,7,BOX-XXL,91.7,0,False,6,1,1.733
473,FFD+Rotation,2,BOX-M,63.02,0,False,1,1,0.111
474,FFD+Rotation,6,BOX-XXL,60.57,0,True,4,1,1.045
475,FFD+Rotation,3,BOX-XXL,91.0,0,True,2,0,1.117
476,FFD+Rotation,2,BOX-L,69.21,0,False,2,0,0.253
477,FFD+Rotation,1,BOX-F2,89.46,0,False,1,0,0.15
478,FFD+Rotation,5,BOX-XXL,95.74,0,True,3,0,2.539
479,FFD+Rotation,3,BOX-XXL,97.21,0,True,2,0,0.881
480,FFD+Rotation,1,BOX-XS,71.84,0,False,1,0,0.065
481,FFD+Rotation,7,BOX-L,49.96,0,False,4,3,0.504
482,FFD+Rotation,7,BOX-XXL,85.15,0,False,7,0,2.342
483,FFD+Rotation,5,BOX-XXL,77.07,0,True,4,0,1.236
484,FFD+Rotation,6,BOX-XXL,88.88,0,True,4,1,1.331
485,FFD+Rotation,3,BOX-M,83.92,0,False,1,2,0.18
486,FFD+Rotation,7,BOX-XXL,92.31,0,True,6,0,3.293
487,FFD+Rotation,8,BOX-XXL,76.93,0,True,6,1,3.012
488,FFD+Rotation,2,BOX-XXL,96.07,0,True,1,0,0.334
489,FFD+Rotation,2,BOX-L,56.9,0,False,2,0,0.112
490,FFD+Rotation,2,BOX-F3,64.51,0,False,2,0,0.083
491,FFD+Rotation,7,BOX-XXL,82.73,0,True,5,0,1.785
492,FFD+Rotation,3,BOX-XXL,89.31,0,True,2,0,0.861
493,FFD+Rotation,2,BOX-L,62.68,0,False,2,0,0.121
494,FFD+Rotation,1,BOX-XS,100.0,0,False,0,1,0.042
495,FFD+Rotation,1,BOX-M,38.52,0,False,1,0,0.043
496,FFD+Rotation,7,BOX-XL,38.03,0,False,6,1,0.271
497,FFD+Rotation,7,BOX-XL,59.53,0,False,6,1,0.667
498,FFD+Rotation,3,BOX-XXL,94.99,0,True,1,1,0.97
499,FFD+Rotation,5,BOX-XXL,82.26,0,True,4,0,1.153
